"label","ASOLD","FORSALE","SOLD","OCC","OFFMAR","OWNOCC","RNTOCC","HOR"
"MW",54,28.3333333333333,4,26138,1492,18116,8022,69.3
"NE",26.3333333333333,16,2.33333333333333,20703,1117,12909,7794,62.4
"SO",245,101.333333333333,21,43004,3602,28617,14387,66.5
